Unit,Module,Question,Question ID,Blank,Choices,Correct Answer
_u1_intro_stats_online,x-oli-inline-assessment,What grade do you think you are most likely to get in this course? _________(aa),1914689541,aa,"{'one': 'A', 'two': 'A-', 'three': 'B+', 'four': 'B', 'five': 'B-', 'six': 'C+', 'seven': 'C', 'eight': 'C-', 'nine': 'D+', 'ten': 'D', 'eleven': 'D-', 'tweleve': 'F'}",F
_u1_intro_stats_online,x-oli-inline-assessment,"Roughly, what grades do you tend to get in your math or statistics courses? _________(aa)",1957669258,aa,"{'ma': ""Mostly A's"", 'mab': ""Mostly A's and B's"", 'mb': ""Mostly B's"", 'mbc': ""Mostly B's and C's"", 'mc': ""Mostly C's"", 'mcd': ""Mostly C's and D's"", 'md': ""Mostly D's"", 'mdf': ""Mostly D's and F's"", 'mf': ""Mostly F's""}",Mostly F's
_u2_summarizing_data,_m1_examining_distributions,"Now find the median reading level of the patients: Note that the data are already ordered—that's good! We have n = _________(A) observations of the reading level of cancer patients.Since n is _________(B), the median reading level will be the _________(C) in the ordered data, which in this case is the _________(D) ranked observation.The median reading level is therefore _________(E).",6772639751,A,"{'one': '12', 'two': '30', 'three': '63', 'four': '93'}",63
_u2_summarizing_data,_m1_examining_distributions,"Now find the median reading level of the patients: Note that the data are already ordered—that's good! We have n = _________(A) observations of the reading level of cancer patients.Since n is _________(B), the median reading level will be the _________(C) in the ordered data, which in this case is the _________(D) ranked observation.The median reading level is therefore _________(E).",6772639751,B,"{'one': 'even', 'two': 'odd'}",odd
_u2_summarizing_data,_m1_examining_distributions,"Now find the median reading level of the patients: Note that the data are already ordered—that's good! We have n = _________(A) observations of the reading level of cancer patients.Since n is _________(B), the median reading level will be the _________(C) in the ordered data, which in this case is the _________(D) ranked observation.The median reading level is therefore _________(E).",6772639751,C,"{'one': 'center observation', 'two': 'average of the two center observations'}",center observation
_u2_summarizing_data,_m1_examining_distributions,"Now find the median reading level of the patients: Note that the data are already ordered—that's good! We have n = _________(A) observations of the reading level of cancer patients.Since n is _________(B), the median reading level will be the _________(C) in the ordered data, which in this case is the _________(D) ranked observation.The median reading level is therefore _________(E).",6772639751,D,"{'one': '31st', 'two': '32nd', 'three': '63rd'}",32nd
_u2_summarizing_data,_m1_examining_distributions,"Now find the median reading level of the patients: Note that the data are already ordered—that's good! We have n = _________(A) observations of the reading level of cancer patients.Since n is _________(B), the median reading level will be the _________(C) in the ordered data, which in this case is the _________(D) ranked observation.The median reading level is therefore _________(E).",6772639751,E,"{'one': '7', 'two': '7.5', 'three': '8', 'four': '9'}",9
_u2_summarizing_data,_m1_examining_distributions,Here are the number of hours that 9 students spend on the computer on a typical day: 1 6 7 5 5 8 11 12 15 The mean number of hours spent on the computer is: _________(A),0778129101,A,"{'one': '7.00', 'two': '7.78', 'three': '8.23', 'four': '9.14'}",7.78
_u2_summarizing_data,_m1_examining_distributions,The mode of the readability level for the pamphlets is _________(B) Note that the frequencies of each level have already been determined.,86175704,B,"{'one': '8', 'two': '16', 'three': '1', 'four': '17'}",8
_u2_summarizing_data,_m1_examining_distributions,Here are the number of hours that 9 students spend on the computer on a typical day: 1 6 7 5 5 8 11 12 15 The mode number of hours spent on the computer is _________(A).,2474188805,A,"{'one': '5', 'two': '5.5', 'three': '7.5', 'four': '8'}",5
_u2_summarizing_data,_m1_examining_distributions,The data from the above 9 students forms a _________(B) distribution.,249284029,B,"{'one': 'unimodal', 'two': 'bimodal', 'three': 'multimodal'}",unimodal
_u2_summarizing_data,_m1_examining_distributions,Here are the number of hours that 15 students spend on the computer on a typical day: 1 1 2 3 6 7 5 5 5 8 8 8 11 12 15 The mode number of hours spent on the computer is: _________(A),6341371536,A,"{'one': '1', 'two': '5', 'three': '8', 'four': '5 and 8', 'fifth': 'Unable to determine'}",5 and 8
_u2_summarizing_data,_m1_examining_distributions,The data from the above 15 students forms a _________(B) distribution.,63586092,B,"{'one': 'unimodal', 'two': 'bimodal', 'three': 'multimodal'}",bimodal
_u2_summarizing_data,_m2_examining_relationships,The number of females in our sample who feel that they are underweight is _________(A).The number of males in our sample who feel that they are about right is _________(B).The total number of females in our sample is _________(C).The total number of students who feel they are overweight is _________(D).,2500448227,A,"{'one': '37', 'two': '110', 'three': '163', 'four': '760'}",37
_u2_summarizing_data,_m2_examining_relationships,The number of females in our sample who feel that they are underweight is _________(A).The number of males in our sample who feel that they are about right is _________(B).The total number of females in our sample is _________(C).The total number of students who feel they are overweight is _________(D).,2500448227,B,"{'one': '295', 'two': '440', 'three': '560', 'four': '855'}",295
_u2_summarizing_data,_m2_examining_relationships,The number of females in our sample who feel that they are underweight is _________(A).The number of males in our sample who feel that they are about right is _________(B).The total number of females in our sample is _________(C).The total number of students who feel they are overweight is _________(D).,2500448227,C,"{'one': '440', 'two': '560', 'three': '760', 'four': '1200'}",760
_u2_summarizing_data,_m2_examining_relationships,The number of females in our sample who feel that they are underweight is _________(A).The number of males in our sample who feel that they are about right is _________(B).The total number of females in our sample is _________(C).The total number of students who feel they are overweight is _________(D).,2500448227,D,"{'one': '110', 'two': '163', 'three': '235', 'four': '1200'}",235
_u2_summarizing_data,_m2_examining_relationships,The results suggest that the proportion of males who are happy with their body weight is _________(A) than among female students. Females who are not happy with their body weight more often feel they are _________(B). Males who are not happy with their body weight feel they are overweight _________(C) they feel they are underweight.,8931357861,A,"{'one': 'slightly greater', 'two': 'slightly less'}",slightly less
_u2_summarizing_data,_m2_examining_relationships,The results suggest that the proportion of males who are happy with their body weight is _________(A) than among female students. Females who are not happy with their body weight more often feel they are _________(B). Males who are not happy with their body weight feel they are overweight _________(C) they feel they are underweight.,8931357861,B,"{'one': 'about right', 'two': 'overweight', 'three': 'underweight'}",overweight
_u2_summarizing_data,_m2_examining_relationships,The results suggest that the proportion of males who are happy with their body weight is _________(A) than among female students. Females who are not happy with their body weight more often feel they are _________(B). Males who are not happy with their body weight feel they are overweight _________(C) they feel they are underweight.,8931357861,C,"{'one': 'about as often as', 'two': 'much more often than', 'three': 'much less often than'}",about as often as
_u2_summarizing_data,_m2_examining_relationships,"We would like to learn about the relationship between the two categorical variables ""parents' smoking"" and ""students' smoking."" More specifically, since we want to explore whether parents' smoking habits affect their children's smoking habits, the explanatory variable is _________(A) and the response variable is _________(B).",2807888985,A,"{'one': ""students' smoking"", 'two': ""parents' smoking""}",parents' smoking
_u2_summarizing_data,_m2_examining_relationships,"We would like to learn about the relationship between the two categorical variables ""parents' smoking"" and ""students' smoking."" More specifically, since we want to explore whether parents' smoking habits affect their children's smoking habits, the explanatory variable is _________(A) and the response variable is _________(B).",2807888985,B,"{'one': ""students' smoking"", 'two': ""parents' smoking""}",students' smoking
_u2_summarizing_data,_m2_examining_relationships,"In example 2, the number of calories is the _________(A) variable, and the type of hot dog is the _________(B) variable.In example 4, gender is the _________(C) variable, and smoking habit is the _________(D) variable.In example 6, age is the _________(E) variable, and legibility distance is the _________(F) variable.In example 8, favorite type of music is the _________(G) variable, and IQ level is the _________(H) variable.",4680900574,A,"{'one': 'explanatory', 'two': 'response'}",response
_u2_summarizing_data,_m2_examining_relationships,"In example 2, the number of calories is the _________(A) variable, and the type of hot dog is the _________(B) variable.In example 4, gender is the _________(C) variable, and smoking habit is the _________(D) variable.In example 6, age is the _________(E) variable, and legibility distance is the _________(F) variable.In example 8, favorite type of music is the _________(G) variable, and IQ level is the _________(H) variable.",4680900574,B,"{'one': 'explanatory', 'two': 'response'}",explanatory
_u2_summarizing_data,_m2_examining_relationships,"In example 2, the number of calories is the _________(A) variable, and the type of hot dog is the _________(B) variable.In example 4, gender is the _________(C) variable, and smoking habit is the _________(D) variable.In example 6, age is the _________(E) variable, and legibility distance is the _________(F) variable.In example 8, favorite type of music is the _________(G) variable, and IQ level is the _________(H) variable.",4680900574,C,"{'one': 'explanatory', 'two': 'response'}",explanatory
_u2_summarizing_data,_m2_examining_relationships,"In example 2, the number of calories is the _________(A) variable, and the type of hot dog is the _________(B) variable.In example 4, gender is the _________(C) variable, and smoking habit is the _________(D) variable.In example 6, age is the _________(E) variable, and legibility distance is the _________(F) variable.In example 8, favorite type of music is the _________(G) variable, and IQ level is the _________(H) variable.",4680900574,D,"{'one': 'explanatory', 'two': 'response'}",response
_u2_summarizing_data,_m2_examining_relationships,"In example 2, the number of calories is the _________(A) variable, and the type of hot dog is the _________(B) variable.In example 4, gender is the _________(C) variable, and smoking habit is the _________(D) variable.In example 6, age is the _________(E) variable, and legibility distance is the _________(F) variable.In example 8, favorite type of music is the _________(G) variable, and IQ level is the _________(H) variable.",4680900574,E,"{'one': 'explanatory', 'two': 'response'}",explanatory
_u2_summarizing_data,_m2_examining_relationships,"In example 2, the number of calories is the _________(A) variable, and the type of hot dog is the _________(B) variable.In example 4, gender is the _________(C) variable, and smoking habit is the _________(D) variable.In example 6, age is the _________(E) variable, and legibility distance is the _________(F) variable.In example 8, favorite type of music is the _________(G) variable, and IQ level is the _________(H) variable.",4680900574,F,"{'one': 'explanatory', 'two': 'response'}",response
_u2_summarizing_data,_m2_examining_relationships,"In example 2, the number of calories is the _________(A) variable, and the type of hot dog is the _________(B) variable.In example 4, gender is the _________(C) variable, and smoking habit is the _________(D) variable.In example 6, age is the _________(E) variable, and legibility distance is the _________(F) variable.In example 8, favorite type of music is the _________(G) variable, and IQ level is the _________(H) variable.",4680900574,G,"{'one': 'explanatory', 'two': 'response'}",response
_u2_summarizing_data,_m2_examining_relationships,"In example 2, the number of calories is the _________(A) variable, and the type of hot dog is the _________(B) variable.In example 4, gender is the _________(C) variable, and smoking habit is the _________(D) variable.In example 6, age is the _________(E) variable, and legibility distance is the _________(F) variable.In example 8, favorite type of music is the _________(G) variable, and IQ level is the _________(H) variable.",4680900574,H,"{'one': 'explanatory', 'two': 'response'}",explanatory
_u2_summarizing_data,_m2_examining_relationships,Example 2:Number of calories is the response variable and it is _________(A). Type of hot dog is the explanatory variable and it is _________(B). Therefore this is an example of _________(C). Example 4:Gender is the explanatory variable and it is _________(D). Smoking habits is the response variable and it is _________(E). Therefore this is an example of _________(F). Example 6:Age is the explanatory variable and it is _________(G).Legibility distance is the response variable and it is _________(H).Therefore this is an example of _________(I). Example 8:Favorite type of music is the response variable and it is _________(J).IQ level is the explanatory variable and it is _________(K).Therefore this is an example of _________(L).,8750238419,A,"{'one': 'categorical', 'two': 'quantitative'}",quantitative
_u2_summarizing_data,_m2_examining_relationships,Example 2:Number of calories is the response variable and it is _________(A). Type of hot dog is the explanatory variable and it is _________(B). Therefore this is an example of _________(C). Example 4:Gender is the explanatory variable and it is _________(D). Smoking habits is the response variable and it is _________(E). Therefore this is an example of _________(F). Example 6:Age is the explanatory variable and it is _________(G).Legibility distance is the response variable and it is _________(H).Therefore this is an example of _________(I). Example 8:Favorite type of music is the response variable and it is _________(J).IQ level is the explanatory variable and it is _________(K).Therefore this is an example of _________(L).,8750238419,B,"{'one': 'categorical', 'two': 'quantitative'}",categorical
_u2_summarizing_data,_m2_examining_relationships,Example 2:Number of calories is the response variable and it is _________(A). Type of hot dog is the explanatory variable and it is _________(B). Therefore this is an example of _________(C). Example 4:Gender is the explanatory variable and it is _________(D). Smoking habits is the response variable and it is _________(E). Therefore this is an example of _________(F). Example 6:Age is the explanatory variable and it is _________(G).Legibility distance is the response variable and it is _________(H).Therefore this is an example of _________(I). Example 8:Favorite type of music is the response variable and it is _________(J).IQ level is the explanatory variable and it is _________(K).Therefore this is an example of _________(L).,8750238419,C,"{'one': 'Case C→Q', 'two': 'Case C→C', 'three': 'Case Q→Q', 'four': 'Case Q→C'}",Case C→Q
_u2_summarizing_data,_m2_examining_relationships,Example 2:Number of calories is the response variable and it is _________(A). Type of hot dog is the explanatory variable and it is _________(B). Therefore this is an example of _________(C). Example 4:Gender is the explanatory variable and it is _________(D). Smoking habits is the response variable and it is _________(E). Therefore this is an example of _________(F). Example 6:Age is the explanatory variable and it is _________(G).Legibility distance is the response variable and it is _________(H).Therefore this is an example of _________(I). Example 8:Favorite type of music is the response variable and it is _________(J).IQ level is the explanatory variable and it is _________(K).Therefore this is an example of _________(L).,8750238419,D,"{'one': 'categorical', 'two': 'quantitative'}",categorical
_u2_summarizing_data,_m2_examining_relationships,Example 2:Number of calories is the response variable and it is _________(A). Type of hot dog is the explanatory variable and it is _________(B). Therefore this is an example of _________(C). Example 4:Gender is the explanatory variable and it is _________(D). Smoking habits is the response variable and it is _________(E). Therefore this is an example of _________(F). Example 6:Age is the explanatory variable and it is _________(G).Legibility distance is the response variable and it is _________(H).Therefore this is an example of _________(I). Example 8:Favorite type of music is the response variable and it is _________(J).IQ level is the explanatory variable and it is _________(K).Therefore this is an example of _________(L).,8750238419,E,"{'one': 'categorical', 'two': 'quantitative'}",categorical
_u2_summarizing_data,_m2_examining_relationships,Example 2:Number of calories is the response variable and it is _________(A). Type of hot dog is the explanatory variable and it is _________(B). Therefore this is an example of _________(C). Example 4:Gender is the explanatory variable and it is _________(D). Smoking habits is the response variable and it is _________(E). Therefore this is an example of _________(F). Example 6:Age is the explanatory variable and it is _________(G).Legibility distance is the response variable and it is _________(H).Therefore this is an example of _________(I). Example 8:Favorite type of music is the response variable and it is _________(J).IQ level is the explanatory variable and it is _________(K).Therefore this is an example of _________(L).,8750238419,F,"{'one': 'Case C→Q', 'two': 'Case C→C', 'three': 'Case Q→Q', 'four': 'Case Q→C'}",Case C→C
_u2_summarizing_data,_m2_examining_relationships,Example 2:Number of calories is the response variable and it is _________(A). Type of hot dog is the explanatory variable and it is _________(B). Therefore this is an example of _________(C). Example 4:Gender is the explanatory variable and it is _________(D). Smoking habits is the response variable and it is _________(E). Therefore this is an example of _________(F). Example 6:Age is the explanatory variable and it is _________(G).Legibility distance is the response variable and it is _________(H).Therefore this is an example of _________(I). Example 8:Favorite type of music is the response variable and it is _________(J).IQ level is the explanatory variable and it is _________(K).Therefore this is an example of _________(L).,8750238419,G,"{'one': 'categorical', 'two': 'quantitative'}",quantitative
_u2_summarizing_data,_m2_examining_relationships,Example 2:Number of calories is the response variable and it is _________(A). Type of hot dog is the explanatory variable and it is _________(B). Therefore this is an example of _________(C). Example 4:Gender is the explanatory variable and it is _________(D). Smoking habits is the response variable and it is _________(E). Therefore this is an example of _________(F). Example 6:Age is the explanatory variable and it is _________(G).Legibility distance is the response variable and it is _________(H).Therefore this is an example of _________(I). Example 8:Favorite type of music is the response variable and it is _________(J).IQ level is the explanatory variable and it is _________(K).Therefore this is an example of _________(L).,8750238419,H,"{'one': 'categorical', 'two': 'quantitative'}",quantitative
_u2_summarizing_data,_m2_examining_relationships,Example 2:Number of calories is the response variable and it is _________(A). Type of hot dog is the explanatory variable and it is _________(B). Therefore this is an example of _________(C). Example 4:Gender is the explanatory variable and it is _________(D). Smoking habits is the response variable and it is _________(E). Therefore this is an example of _________(F). Example 6:Age is the explanatory variable and it is _________(G).Legibility distance is the response variable and it is _________(H).Therefore this is an example of _________(I). Example 8:Favorite type of music is the response variable and it is _________(J).IQ level is the explanatory variable and it is _________(K).Therefore this is an example of _________(L).,8750238419,I,"{'one': 'Case C→Q', 'two': 'Case C→C', 'three': 'Case Q→Q', 'four': 'Case Q→C'}",Case Q→Q
_u2_summarizing_data,_m2_examining_relationships,Example 2:Number of calories is the response variable and it is _________(A). Type of hot dog is the explanatory variable and it is _________(B). Therefore this is an example of _________(C). Example 4:Gender is the explanatory variable and it is _________(D). Smoking habits is the response variable and it is _________(E). Therefore this is an example of _________(F). Example 6:Age is the explanatory variable and it is _________(G).Legibility distance is the response variable and it is _________(H).Therefore this is an example of _________(I). Example 8:Favorite type of music is the response variable and it is _________(J).IQ level is the explanatory variable and it is _________(K).Therefore this is an example of _________(L).,8750238419,J,"{'one': 'categorical', 'two': 'quantitative'}",categorical
_u2_summarizing_data,_m2_examining_relationships,Example 2:Number of calories is the response variable and it is _________(A). Type of hot dog is the explanatory variable and it is _________(B). Therefore this is an example of _________(C). Example 4:Gender is the explanatory variable and it is _________(D). Smoking habits is the response variable and it is _________(E). Therefore this is an example of _________(F). Example 6:Age is the explanatory variable and it is _________(G).Legibility distance is the response variable and it is _________(H).Therefore this is an example of _________(I). Example 8:Favorite type of music is the response variable and it is _________(J).IQ level is the explanatory variable and it is _________(K).Therefore this is an example of _________(L).,8750238419,K,"{'one': 'categorical', 'two': 'quantitative'}",quantitative
_u2_summarizing_data,_m2_examining_relationships,Example 2:Number of calories is the response variable and it is _________(A). Type of hot dog is the explanatory variable and it is _________(B). Therefore this is an example of _________(C). Example 4:Gender is the explanatory variable and it is _________(D). Smoking habits is the response variable and it is _________(E). Therefore this is an example of _________(F). Example 6:Age is the explanatory variable and it is _________(G).Legibility distance is the response variable and it is _________(H).Therefore this is an example of _________(I). Example 8:Favorite type of music is the response variable and it is _________(J).IQ level is the explanatory variable and it is _________(K).Therefore this is an example of _________(L).,8750238419,L,"{'one': 'Case C→Q', 'two': 'Case C→C', 'three': 'Case Q→Q', 'four': 'Case Q→C'}",Case Q→C
_u2_summarizing_data,_m2_examining_relationships,"A study examined how the percentage of participants who completed a survey is related to the monetary incentive that researchers promised to participants. Consider the relationship between these two quantitative variables, displayed in the scatterplot below. The direction of this relationship is _________(A). In the context of this example, this means that when researchers promised higher payments, the percentage of participants who completed the survey _________(B). The form of the relationship is _________(C). Based on the form of the relationship as it is illustrated above, the relationship is quite _________(D).",506592989,A,"{'one': 'positive', 'two': 'negative', 'three': 'neither positive nor negative'}",positive
_u2_summarizing_data,_m2_examining_relationships,"A study examined how the percentage of participants who completed a survey is related to the monetary incentive that researchers promised to participants. Consider the relationship between these two quantitative variables, displayed in the scatterplot below. The direction of this relationship is _________(A). In the context of this example, this means that when researchers promised higher payments, the percentage of participants who completed the survey _________(B). The form of the relationship is _________(C). Based on the form of the relationship as it is illustrated above, the relationship is quite _________(D).",506592989,B,"{'one': 'increased', 'two': 'remained the same', 'three': 'decreased'}",increased
_u2_summarizing_data,_m2_examining_relationships,"A study examined how the percentage of participants who completed a survey is related to the monetary incentive that researchers promised to participants. Consider the relationship between these two quantitative variables, displayed in the scatterplot below. The direction of this relationship is _________(A). In the context of this example, this means that when researchers promised higher payments, the percentage of participants who completed the survey _________(B). The form of the relationship is _________(C). Based on the form of the relationship as it is illustrated above, the relationship is quite _________(D).",506592989,C,"{'one': 'linear', 'two': 'curvilinear', 'three': 'neither linear nor curvilinear'}",curvilinear
_u2_summarizing_data,_m2_examining_relationships,"A study examined how the percentage of participants who completed a survey is related to the monetary incentive that researchers promised to participants. Consider the relationship between these two quantitative variables, displayed in the scatterplot below. The direction of this relationship is _________(A). In the context of this example, this means that when researchers promised higher payments, the percentage of participants who completed the survey _________(B). The form of the relationship is _________(C). Based on the form of the relationship as it is illustrated above, the relationship is quite _________(D).",506592989,D,"{'one': 'strong', 'two': 'weak'}",strong
_u2_summarizing_data,x-oli-inline-assessment,Examine each of the variables in the dataset as well as their descriptions above. Identify each variable as either quantitative or categorical: Hospt: _________(A)Treat: _________(B)Outcome: _________(C)Time: _________(D)AcuteT: _________(E)Age: _________(F)Gender: _________(G),9888260365,A,"{'one': 'Quantitative', 'two': 'Categorical'}",Categorical
_u2_summarizing_data,x-oli-inline-assessment,Examine each of the variables in the dataset as well as their descriptions above. Identify each variable as either quantitative or categorical: Hospt: _________(A)Treat: _________(B)Outcome: _________(C)Time: _________(D)AcuteT: _________(E)Age: _________(F)Gender: _________(G),9888260365,B,"{'one': 'Quantitative', 'two': 'Categorical'}",Categorical
_u2_summarizing_data,x-oli-inline-assessment,Examine each of the variables in the dataset as well as their descriptions above. Identify each variable as either quantitative or categorical: Hospt: _________(A)Treat: _________(B)Outcome: _________(C)Time: _________(D)AcuteT: _________(E)Age: _________(F)Gender: _________(G),9888260365,C,"{'one': 'Quantitative', 'two': 'Categorical'}",Categorical
_u2_summarizing_data,x-oli-inline-assessment,Examine each of the variables in the dataset as well as their descriptions above. Identify each variable as either quantitative or categorical: Hospt: _________(A)Treat: _________(B)Outcome: _________(C)Time: _________(D)AcuteT: _________(E)Age: _________(F)Gender: _________(G),9888260365,D,"{'one': 'Quantitative', 'two': 'Categorical'}",Quantitative
_u2_summarizing_data,x-oli-inline-assessment,Examine each of the variables in the dataset as well as their descriptions above. Identify each variable as either quantitative or categorical: Hospt: _________(A)Treat: _________(B)Outcome: _________(C)Time: _________(D)AcuteT: _________(E)Age: _________(F)Gender: _________(G),9888260365,E,"{'one': 'Quantitative', 'two': 'Categorical'}",Quantitative
_u2_summarizing_data,x-oli-inline-assessment,Examine each of the variables in the dataset as well as their descriptions above. Identify each variable as either quantitative or categorical: Hospt: _________(A)Treat: _________(B)Outcome: _________(C)Time: _________(D)AcuteT: _________(E)Age: _________(F)Gender: _________(G),9888260365,F,"{'one': 'Quantitative', 'two': 'Categorical'}",Quantitative
_u2_summarizing_data,x-oli-inline-assessment,Examine each of the variables in the dataset as well as their descriptions above. Identify each variable as either quantitative or categorical: Hospt: _________(A)Treat: _________(B)Outcome: _________(C)Time: _________(D)AcuteT: _________(E)Age: _________(F)Gender: _________(G),9888260365,G,"{'one': 'Quantitative', 'two': 'Categorical'}",Categorical
_u2_summarizing_data,x-oli-inline-assessment,Examine each of the variables in the dataset as well as their descriptions above. Identify each variable as either quantitative or categorical. Hospt: _________(A)Treat: _________(B)Outcome: _________(C)Time: _________(D)AcuteT: _________(E)Age: _________(F)Gender: _________(G),8839969635,A,"{'one': 'Quantitative', 'two': 'Categorical'}",Categorical
_u2_summarizing_data,x-oli-inline-assessment,Examine each of the variables in the dataset as well as their descriptions above. Identify each variable as either quantitative or categorical. Hospt: _________(A)Treat: _________(B)Outcome: _________(C)Time: _________(D)AcuteT: _________(E)Age: _________(F)Gender: _________(G),8839969635,B,"{'one': 'Quantitative', 'two': 'Categorical'}",Categorical
_u2_summarizing_data,x-oli-inline-assessment,Examine each of the variables in the dataset as well as their descriptions above. Identify each variable as either quantitative or categorical. Hospt: _________(A)Treat: _________(B)Outcome: _________(C)Time: _________(D)AcuteT: _________(E)Age: _________(F)Gender: _________(G),8839969635,C,"{'one': 'Quantitative', 'two': 'Categorical'}",Categorical
_u2_summarizing_data,x-oli-inline-assessment,Examine each of the variables in the dataset as well as their descriptions above. Identify each variable as either quantitative or categorical. Hospt: _________(A)Treat: _________(B)Outcome: _________(C)Time: _________(D)AcuteT: _________(E)Age: _________(F)Gender: _________(G),8839969635,D,"{'one': 'Quantitative', 'two': 'Categorical'}",Quantitative
_u2_summarizing_data,x-oli-inline-assessment,Examine each of the variables in the dataset as well as their descriptions above. Identify each variable as either quantitative or categorical. Hospt: _________(A)Treat: _________(B)Outcome: _________(C)Time: _________(D)AcuteT: _________(E)Age: _________(F)Gender: _________(G),8839969635,E,"{'one': 'Quantitative', 'two': 'Categorical'}",Quantitative
_u2_summarizing_data,x-oli-inline-assessment,Examine each of the variables in the dataset as well as their descriptions above. Identify each variable as either quantitative or categorical. Hospt: _________(A)Treat: _________(B)Outcome: _________(C)Time: _________(D)AcuteT: _________(E)Age: _________(F)Gender: _________(G),8839969635,F,"{'one': 'Quantitative', 'two': 'Categorical'}",Quantitative
_u2_summarizing_data,x-oli-inline-assessment,Examine each of the variables in the dataset as well as their descriptions above. Identify each variable as either quantitative or categorical. Hospt: _________(A)Treat: _________(B)Outcome: _________(C)Time: _________(D)AcuteT: _________(E)Age: _________(F)Gender: _________(G),8839969635,G,"{'one': 'Quantitative', 'two': 'Categorical'}",Categorical
_u4_probability,_m1_finding_probability,Please complete the following table: false,5934889317,0.03,"{'dropAreaA': 'dropAreaA', 'dropAreaB': 'dropAreaB', 'dropAreaC': 'dropAreaC', 'dropAreaD': 'dropAreaD', 'dropAreaE': 'dropAreaE', 'dropAreaF': 'dropAreaF', 'dropAreaG': 'dropAreaG', 'dropAreaH': 'dropAreaH', 'dropAreaI': 'dropAreaI'}",dropAreaB
_u4_probability,_m1_finding_probability,Please complete the following table: false,5934889317,0.14,"{'dropAreaA': 'dropAreaA', 'dropAreaB': 'dropAreaB', 'dropAreaC': 'dropAreaC', 'dropAreaD': 'dropAreaD', 'dropAreaE': 'dropAreaE', 'dropAreaF': 'dropAreaF', 'dropAreaG': 'dropAreaG', 'dropAreaH': 'dropAreaH', 'dropAreaI': 'dropAreaI'}",dropAreaE
_u4_probability,_m1_finding_probability,Please complete the following table: false,5934889317,0.17,"{'dropAreaA': 'dropAreaA', 'dropAreaB': 'dropAreaB', 'dropAreaC': 'dropAreaC', 'dropAreaD': 'dropAreaD', 'dropAreaE': 'dropAreaE', 'dropAreaF': 'dropAreaF', 'dropAreaG': 'dropAreaG', 'dropAreaH': 'dropAreaH', 'dropAreaI': 'dropAreaI'}",dropAreaH
_u4_probability,_m1_finding_probability,Please complete the following table: false,5934889317,0.19,"{'dropAreaA': 'dropAreaA', 'dropAreaB': 'dropAreaB', 'dropAreaC': 'dropAreaC', 'dropAreaD': 'dropAreaD', 'dropAreaE': 'dropAreaE', 'dropAreaF': 'dropAreaF', 'dropAreaG': 'dropAreaG', 'dropAreaH': 'dropAreaH', 'dropAreaI': 'dropAreaI'}",dropAreaD
_u4_probability,_m1_finding_probability,Please complete the following table: false,5934889317,0.33,"{'dropAreaA': 'dropAreaA', 'dropAreaB': 'dropAreaB', 'dropAreaC': 'dropAreaC', 'dropAreaD': 'dropAreaD', 'dropAreaE': 'dropAreaE', 'dropAreaF': 'dropAreaF', 'dropAreaG': 'dropAreaG', 'dropAreaH': 'dropAreaH', 'dropAreaI': 'dropAreaI'}",dropAreaF
_u4_probability,_m1_finding_probability,Please complete the following table: false,5934889317,0.64,"{'dropAreaA': 'dropAreaA', 'dropAreaB': 'dropAreaB', 'dropAreaC': 'dropAreaC', 'dropAreaD': 'dropAreaD', 'dropAreaE': 'dropAreaE', 'dropAreaF': 'dropAreaF', 'dropAreaG': 'dropAreaG', 'dropAreaH': 'dropAreaH', 'dropAreaI': 'dropAreaI'}",dropAreaA
_u4_probability,_m1_finding_probability,Please complete the following table: false,5934889317,0.67,"{'dropAreaA': 'dropAreaA', 'dropAreaB': 'dropAreaB', 'dropAreaC': 'dropAreaC', 'dropAreaD': 'dropAreaD', 'dropAreaE': 'dropAreaE', 'dropAreaF': 'dropAreaF', 'dropAreaG': 'dropAreaG', 'dropAreaH': 'dropAreaH', 'dropAreaI': 'dropAreaI'}",dropAreaC
_u4_probability,_m1_finding_probability,Please complete the following table: false,5934889317,0.83,"{'dropAreaA': 'dropAreaA', 'dropAreaB': 'dropAreaB', 'dropAreaC': 'dropAreaC', 'dropAreaD': 'dropAreaD', 'dropAreaE': 'dropAreaE', 'dropAreaF': 'dropAreaF', 'dropAreaG': 'dropAreaG', 'dropAreaH': 'dropAreaH', 'dropAreaI': 'dropAreaI'}",dropAreaG
_u4_probability,_m1_finding_probability,Please complete the following table: false,5934889317,1.0,"{'dropAreaA': 'dropAreaA', 'dropAreaB': 'dropAreaB', 'dropAreaC': 'dropAreaC', 'dropAreaD': 'dropAreaD', 'dropAreaE': 'dropAreaE', 'dropAreaF': 'dropAreaF', 'dropAreaG': 'dropAreaG', 'dropAreaH': 'dropAreaH', 'dropAreaI': 'dropAreaI'}",dropAreaI
_u4_probability,_m1_finding_probability,Complete the following table: What is the probability that goes in each cell? Bnot BTotal D_________(A)_________(B)_________(C) not D_________(D)_________(E)_________(F) Total_________(G)_________(H)_________(I),9835300446,A,"{'one': '0.02', 'two': '0.03', 'three': '0.05', 'four': '0.38', 'five': '0.40', 'six': '0.57', 'seven': '0.60', 'eight': '0.95', 'nine': '1.00'}",0.38
_u4_probability,_m1_finding_probability,Complete the following table: What is the probability that goes in each cell? Bnot BTotal D_________(A)_________(B)_________(C) not D_________(D)_________(E)_________(F) Total_________(G)_________(H)_________(I),9835300446,B,"{'one': '0.02', 'two': '0.03', 'three': '0.05', 'four': '0.38', 'five': '0.40', 'six': '0.57', 'seven': '0.60', 'eight': '0.95', 'nine': '1.00'}",0.57
_u4_probability,_m1_finding_probability,Complete the following table: What is the probability that goes in each cell? Bnot BTotal D_________(A)_________(B)_________(C) not D_________(D)_________(E)_________(F) Total_________(G)_________(H)_________(I),9835300446,C,"{'one': '0.02', 'two': '0.03', 'three': '0.05', 'four': '0.38', 'five': '0.40', 'six': '0.57', 'seven': '0.60', 'eight': '0.95', 'nine': '1.00'}",0.95
_u4_probability,_m1_finding_probability,Complete the following table: What is the probability that goes in each cell? Bnot BTotal D_________(A)_________(B)_________(C) not D_________(D)_________(E)_________(F) Total_________(G)_________(H)_________(I),9835300446,D,"{'one': '0.02', 'two': '0.03', 'three': '0.05', 'four': '0.38', 'five': '0.40', 'six': '0.57', 'seven': '0.60', 'eight': '0.95', 'nine': '1.00'}",0.02
_u4_probability,_m1_finding_probability,Complete the following table: What is the probability that goes in each cell? Bnot BTotal D_________(A)_________(B)_________(C) not D_________(D)_________(E)_________(F) Total_________(G)_________(H)_________(I),9835300446,E,"{'one': '0.02', 'two': '0.03', 'three': '0.05', 'four': '0.38', 'five': '0.40', 'six': '0.57', 'seven': '0.60', 'eight': '0.95', 'nine': '1.00'}",0.03
_u4_probability,_m1_finding_probability,Complete the following table: What is the probability that goes in each cell? Bnot BTotal D_________(A)_________(B)_________(C) not D_________(D)_________(E)_________(F) Total_________(G)_________(H)_________(I),9835300446,F,"{'one': '0.02', 'two': '0.03', 'three': '0.05', 'four': '0.38', 'five': '0.40', 'six': '0.57', 'seven': '0.60', 'eight': '0.95', 'nine': '1.00'}",0.05
_u4_probability,_m1_finding_probability,Complete the following table: What is the probability that goes in each cell? Bnot BTotal D_________(A)_________(B)_________(C) not D_________(D)_________(E)_________(F) Total_________(G)_________(H)_________(I),9835300446,G,"{'one': '0.02', 'two': '0.03', 'three': '0.05', 'four': '0.38', 'five': '0.40', 'six': '0.57', 'seven': '0.60', 'eight': '0.95', 'nine': '1.00'}",0.40
_u4_probability,_m1_finding_probability,Complete the following table: What is the probability that goes in each cell? Bnot BTotal D_________(A)_________(B)_________(C) not D_________(D)_________(E)_________(F) Total_________(G)_________(H)_________(I),9835300446,H,"{'one': '0.02', 'two': '0.03', 'three': '0.05', 'four': '0.38', 'five': '0.40', 'six': '0.57', 'seven': '0.60', 'eight': '0.95', 'nine': '1.00'}",0.60
_u4_probability,_m1_finding_probability,Complete the following table: What is the probability that goes in each cell? Bnot BTotal D_________(A)_________(B)_________(C) not D_________(D)_________(E)_________(F) Total_________(G)_________(H)_________(I),9835300446,I,"{'one': '0.02', 'two': '0.03', 'three': '0.05', 'four': '0.38', 'five': '0.40', 'six': '0.57', 'seven': '0.60', 'eight': '0.95', 'nine': '1.00'}",1.00
_u4_probability,_m1_finding_probability,Complete the following two-way probability table starting with the information displayed in the correct answer to question 1: Gnot GTotal M_________(A)_________(B)_________(C) F_________(D)_________(E)_________(F) Total_________(G)_________(H)_________(I),7966001034,A,"{'one': '0.03', 'two': '0.10', 'three': '0.13', 'four': '0.34', 'five': '0.44', 'six': '0.53', 'seven': '0.56', 'eight': '0.87', 'nine': '1.00'}",0.53
_u4_probability,_m1_finding_probability,Complete the following two-way probability table starting with the information displayed in the correct answer to question 1: Gnot GTotal M_________(A)_________(B)_________(C) F_________(D)_________(E)_________(F) Total_________(G)_________(H)_________(I),7966001034,B,"{'one': '0.03', 'two': '0.10', 'three': '0.13', 'four': '0.34', 'five': '0.44', 'six': '0.53', 'seven': '0.56', 'eight': '0.87', 'nine': '1.00'}",0.34
_u4_probability,_m1_finding_probability,Complete the following two-way probability table starting with the information displayed in the correct answer to question 1: Gnot GTotal M_________(A)_________(B)_________(C) F_________(D)_________(E)_________(F) Total_________(G)_________(H)_________(I),7966001034,C,"{'one': '0.03', 'two': '0.10', 'three': '0.13', 'four': '0.34', 'five': '0.44', 'six': '0.53', 'seven': '0.56', 'eight': '0.87', 'nine': '1.00'}",0.87
_u4_probability,_m1_finding_probability,Complete the following two-way probability table starting with the information displayed in the correct answer to question 1: Gnot GTotal M_________(A)_________(B)_________(C) F_________(D)_________(E)_________(F) Total_________(G)_________(H)_________(I),7966001034,D,"{'one': '0.03', 'two': '0.10', 'three': '0.13', 'four': '0.34', 'five': '0.44', 'six': '0.53', 'seven': '0.56', 'eight': '0.87', 'nine': '1.00'}",0.03
_u4_probability,_m1_finding_probability,Complete the following two-way probability table starting with the information displayed in the correct answer to question 1: Gnot GTotal M_________(A)_________(B)_________(C) F_________(D)_________(E)_________(F) Total_________(G)_________(H)_________(I),7966001034,E,"{'one': '0.03', 'two': '0.10', 'three': '0.13', 'four': '0.34', 'five': '0.44', 'six': '0.53', 'seven': '0.56', 'eight': '0.87', 'nine': '1.00'}",0.10
_u4_probability,_m1_finding_probability,Complete the following two-way probability table starting with the information displayed in the correct answer to question 1: Gnot GTotal M_________(A)_________(B)_________(C) F_________(D)_________(E)_________(F) Total_________(G)_________(H)_________(I),7966001034,F,"{'one': '0.03', 'two': '0.10', 'three': '0.13', 'four': '0.34', 'five': '0.44', 'six': '0.53', 'seven': '0.56', 'eight': '0.87', 'nine': '1.00'}",0.13
_u4_probability,_m1_finding_probability,Complete the following two-way probability table starting with the information displayed in the correct answer to question 1: Gnot GTotal M_________(A)_________(B)_________(C) F_________(D)_________(E)_________(F) Total_________(G)_________(H)_________(I),7966001034,G,"{'one': '0.03', 'two': '0.10', 'three': '0.13', 'four': '0.34', 'five': '0.44', 'six': '0.53', 'seven': '0.56', 'eight': '0.87', 'nine': '1.00'}",0.56
_u4_probability,_m1_finding_probability,Complete the following two-way probability table starting with the information displayed in the correct answer to question 1: Gnot GTotal M_________(A)_________(B)_________(C) F_________(D)_________(E)_________(F) Total_________(G)_________(H)_________(I),7966001034,H,"{'one': '0.03', 'two': '0.10', 'three': '0.13', 'four': '0.34', 'five': '0.44', 'six': '0.53', 'seven': '0.56', 'eight': '0.87', 'nine': '1.00'}",0.44
_u4_probability,_m1_finding_probability,Complete the following two-way probability table starting with the information displayed in the correct answer to question 1: Gnot GTotal M_________(A)_________(B)_________(C) F_________(D)_________(E)_________(F) Total_________(G)_________(H)_________(I),7966001034,I,"{'one': '0.03', 'two': '0.10', 'three': '0.13', 'four': '0.34', 'five': '0.44', 'six': '0.53', 'seven': '0.56', 'eight': '0.87', 'nine': '1.00'}",1.00
_u4_probability,_m1_finding_probability,A and C _________(A),1249229908,A,"{'one': 'disjoint', 'two': 'not disjoint'}",not disjoint
_u4_probability,_m1_finding_probability,A and D _________(B),1269409657,B,"{'one': 'disjoint', 'two': 'not disjoint'}",disjoint
_u4_probability,_m1_finding_probability,C and D _________(C),1281211376,C,"{'one': 'disjoint', 'two': 'not disjoint'}",not disjoint
_u4_probability,_m1_finding_probability,"Two people are selected simultaneously and at random from a very large population, and their blood type is checked. A— person 1 has blood type O B—person 2 has blood type O (a) The two events are: _________(A)(b) The two events are: _________(B)",0071837902,A,"{'one': 'disjoint', 'two': 'not disjoint'}",not disjoint
_u4_probability,_m1_finding_probability,"Two people are selected simultaneously and at random from a very large population, and their blood type is checked. A— person 1 has blood type O B—person 2 has blood type O (a) The two events are: _________(A)(b) The two events are: _________(B)",0071837902,B,"{'one': 'independent', 'two': 'dependent'}",independent
_u4_probability,_m1_finding_probability,A seminar class consists of five male students and 5 female students. Two of the 10 students are chosen at random for a role-playing exercise. A—the first chosen is male B—the second chosen is female (a) The events are: _________(A)(b) The events are: _________(B),0108020306,A,"{'one': 'disjoint', 'two': 'not disjoint'}",not disjoint
_u4_probability,_m1_finding_probability,A seminar class consists of five male students and 5 female students. Two of the 10 students are chosen at random for a role-playing exercise. A—the first chosen is male B—the second chosen is female (a) The events are: _________(A)(b) The events are: _________(B),0108020306,B,"{'one': 'independent', 'two': 'dependent'}",dependent
_u4_probability,_m1_finding_probability,A telemarketer is calling a randomly chosen phone number. A—the person answering the phone is male B—the person answering the phone is female (a) The two events are: _________(A)(b) The two events are: _________(B),012816906,A,"{'one': 'disjoint', 'two': 'not disjoint'}",disjoint
_u4_probability,_m1_finding_probability,A telemarketer is calling a randomly chosen phone number. A—the person answering the phone is male B—the person answering the phone is female (a) The two events are: _________(A)(b) The two events are: _________(B),012816906,B,"{'one': 'independent', 'two': 'dependent'}",dependent
_u4_probability,_m1_finding_probability,Roughly 7% of American males in U.S. have some sort of color blindness. Suppose that a medical researcher selects one American male at random. Let A represent the event ’the selected male is color blind’. Let B represent the event ’the selected male is not color blind’.Determine whether A and B are disjoint or independent.A and B are _________(A),8177411556,A,"{'one': 'disjoint', 'two': 'not disjoint'}",disjoint
_u4_probability,_m1_finding_probability,A and B are _________(B),8196191788,B,"{'one': 'independent', 'two': 'not independent'}",not independent
_u4_probability,_m1_finding_probability,"Now, suppose the medical researcher selects two American males at random. Let A represent the event ""the first male is color blind."" Let B represent the event ""the second male is not colorblind.""Determine whether A and B are disjoint or independent. A and B are _________(C)",2481319904,C,"{'one': 'disjoint', 'two': 'not disjoint'}",not disjoint
_u4_probability,_m1_finding_probability,A and B are _________(D),2495028973,D,"{'one': 'independent', 'two': 'not indepedent'}",independent
_u4_probability,_m1_finding_probability,"The events B1, B2, and B3 are _________(A) since the three people _________(B) and therefore using the extended _________(C) P(B1 and B2 and B3) = _________(D)",7641479969,A,"{'one': 'independent', 'two': 'not independent'}",independent
_u4_probability,_m1_finding_probability,"The events B1, B2, and B3 are _________(A) since the three people _________(B) and therefore using the extended _________(C) P(B1 and B2 and B3) = _________(D)",7641479969,B,"{'one': 'all have blood type B,', 'two': 'are all males,', 'three': 'were chosen at random from a large population,'}","were chosen at random from a large population,"
_u4_probability,_m1_finding_probability,"The events B1, B2, and B3 are _________(A) since the three people _________(B) and therefore using the extended _________(C) P(B1 and B2 and B3) = _________(D)",7641479969,C,"{'one': 'Addition Rule', 'two': 'Multiplication Rule'}",Multiplication Rule
_u4_probability,_m1_finding_probability,"The events B1, B2, and B3 are _________(A) since the three people _________(B) and therefore using the extended _________(C) P(B1 and B2 and B3) = _________(D)",7641479969,D,"{'one': 'P(B1) * P(B2) * P(B3) = .1 * .1 * .1 = .001', 'two': 'P(B1) + P(B2) + P(B3) =.1 + .1 + .1 = .3'}",P(B1) * P(B2) * P(B3) = .1 * .1 * .1 = .001
_u4_probability,_m1_finding_probability,The events A and B are _________(A).,2022359371,A,"{'one': 'independent', 'two': 'not independent'}",not independent
_u4_probability,_m1_finding_probability,The events A and B are _________(A).,6182310581,A,"{'one': 'independent', 'two': 'not independent'}",not independent
_u4_probability,_m1_finding_probability,"In each of the following situations, choose the correct sample space (S) for the random experiment that is described. (a) A pair of dice is rolled, and the sum of the dots on the two faces that come up is recorded: _________(A)(b) A coin is tossed three times, or until the first ""head"" appears. (whichever occurs first): _________(B)",0218689442,A,"{'one': 'S = {1, 2, 3, 4, 5, 6, 7, 8, 9, 10, 11, 12}', 'two': 'S = {2, 3, 4, 5, 6, 7, 8, 9, 10, 11, 12}', 'three': 'S = {2, 4, 6, 8, 10, 12}', 'four': 'S = {1, 3, 5, 7, 9, 11}'}","S = {2, 3, 4, 5, 6, 7, 8, 9, 10, 11, 12}"
_u4_probability,_m1_finding_probability,"In each of the following situations, choose the correct sample space (S) for the random experiment that is described. (a) A pair of dice is rolled, and the sum of the dots on the two faces that come up is recorded: _________(A)(b) A coin is tossed three times, or until the first ""head"" appears. (whichever occurs first): _________(B)",0218689442,B,"{'one': 'S = {H, T, HT, TH, HH, TT, THH, HTH, HHT, HTT, THT, TTH, HHH, TTT}', 'two': 'S = {THH, HTH, HHT, HTT, THT, TTH, HHH, TTT}', 'three': 'S = {H, TH, TTH}', 'four': 'S = {H, TH, TTH, TTT}'}","S = {H, TH, TTH, TTT}"
_u4_probability,_m1_finding_probability,"A couple decides to have children until they have one boy and one girl, but they will not have more than three children. Choose the correct sample space for this random experiment. _________(A)",4521100521,A,"{'one': 'S = {GGG, GGB, GBG, GBB, BBB, BBG, BGB, BGG}', 'two': 'S = {GGG, GGB, BBB, BGG}', 'three': 'S = {GB, BG, BBG, GGB}', 'four': 'S = {GB, BG, BBG, GGB, BBB, GGG}'}","S = {GB, BG, BBG, GGB, BBB, GGG}"
_u4_probability,_m3_bridge,Choose a college student at random. Decide whether each of the following is a discrete or continuous random variable: 1. The number of courses the student takes this semester: _________(A)2. The student's height: _________(B)3. The student's (exact) body temperature: _________(C)4. The number of siblings the student has: _________(D)5. The (exact) time the student spends doing school work during a week: _________(E)6. The number of alcoholic beverages that the student drinks in a typical week: _________(F),1905200481,A,"{'one': 'Discrete', 'two': 'Continuous'}",Discrete
_u4_probability,_m3_bridge,Choose a college student at random. Decide whether each of the following is a discrete or continuous random variable: 1. The number of courses the student takes this semester: _________(A)2. The student's height: _________(B)3. The student's (exact) body temperature: _________(C)4. The number of siblings the student has: _________(D)5. The (exact) time the student spends doing school work during a week: _________(E)6. The number of alcoholic beverages that the student drinks in a typical week: _________(F),1905200481,B,"{'one': 'Discrete', 'two': 'Continuous'}",Continuous
_u4_probability,_m3_bridge,Choose a college student at random. Decide whether each of the following is a discrete or continuous random variable: 1. The number of courses the student takes this semester: _________(A)2. The student's height: _________(B)3. The student's (exact) body temperature: _________(C)4. The number of siblings the student has: _________(D)5. The (exact) time the student spends doing school work during a week: _________(E)6. The number of alcoholic beverages that the student drinks in a typical week: _________(F),1905200481,C,"{'one': 'Discrete', 'two': 'Continuous'}",Continuous
_u4_probability,_m3_bridge,Choose a college student at random. Decide whether each of the following is a discrete or continuous random variable: 1. The number of courses the student takes this semester: _________(A)2. The student's height: _________(B)3. The student's (exact) body temperature: _________(C)4. The number of siblings the student has: _________(D)5. The (exact) time the student spends doing school work during a week: _________(E)6. The number of alcoholic beverages that the student drinks in a typical week: _________(F),1905200481,D,"{'one': 'Discrete', 'two': 'Continuous'}",Discrete
_u4_probability,_m3_bridge,Choose a college student at random. Decide whether each of the following is a discrete or continuous random variable: 1. The number of courses the student takes this semester: _________(A)2. The student's height: _________(B)3. The student's (exact) body temperature: _________(C)4. The number of siblings the student has: _________(D)5. The (exact) time the student spends doing school work during a week: _________(E)6. The number of alcoholic beverages that the student drinks in a typical week: _________(F),1905200481,E,"{'one': 'Discrete', 'two': 'Continuous'}",Continuous
_u4_probability,_m3_bridge,Choose a college student at random. Decide whether each of the following is a discrete or continuous random variable: 1. The number of courses the student takes this semester: _________(A)2. The student's height: _________(B)3. The student's (exact) body temperature: _________(C)4. The number of siblings the student has: _________(D)5. The (exact) time the student spends doing school work during a week: _________(E)6. The number of alcoholic beverages that the student drinks in a typical week: _________(F),1905200481,F,"{'one': 'Discrete', 'two': 'Continuous'}",Discrete
_u4_probability,_m3_random_variables,The two conditions we've outlined mean that we'll need two probabilities. These are: the probability of having at least one child is _________(A) which is found by calculating _________(B)the probability of having more than two children is _________(C) which is found by calculating _________(D),8281879425,A,"{'res1': 'P(X > 1)', 'res2': 'P(X ≥ 1)', 'res3': 'P(X < 1)', 'res4': 'P(X ≤ 1)'}",P(X ≤ 1)
_u4_probability,_m3_random_variables,The two conditions we've outlined mean that we'll need two probabilities. These are: the probability of having at least one child is _________(A) which is found by calculating _________(B)the probability of having more than two children is _________(C) which is found by calculating _________(D),8281879425,B,"{'res1': '1 - P(X > 1)', 'res2': '1 - P(X ≥ 1)', 'res3': '1 - P(X = 0)', 'res4': '1 - P(X ≤ 1)'}",1 - P(X ≤ 1)
_u4_probability,_m3_random_variables,The two conditions we've outlined mean that we'll need two probabilities. These are: the probability of having at least one child is _________(A) which is found by calculating _________(B)the probability of having more than two children is _________(C) which is found by calculating _________(D),8281879425,C,"{'res1': 'P(X > 2)', 'res2': 'P(X ≥ 2)', 'res3': 'P(X < 2)', 'res4': 'P(X ≤ 2)'}",P(X ≤ 2)
_u4_probability,_m3_random_variables,The two conditions we've outlined mean that we'll need two probabilities. These are: the probability of having at least one child is _________(A) which is found by calculating _________(B)the probability of having more than two children is _________(C) which is found by calculating _________(D),8281879425,D,"{'res1': '1 - P(X > 2)', 'res2': '1 - P(X ≥ 2)', 'res3': '1 - P(X < 2)', 'res4': '1 - P(X ≤ 2)'}",1 - P(X ≤ 2)
_u4_probability,_m3_random_variables,Fill in the probability distribution table values consistent with the histogram above: cell 1: _________(A)cell 2: _________(B)cell 3: _________(C)cell 4: _________(D),0563120842,A,"{'one': '0', 'two': '0.1', 'three': '0.2', 'four': '0.3', 'five': '0.4', 'six': '1', 'seven': '2', 'eight': '3', 'nine': '4'}",0.4
_u4_probability,_m3_random_variables,Fill in the probability distribution table values consistent with the histogram above: cell 1: _________(A)cell 2: _________(B)cell 3: _________(C)cell 4: _________(D),0563120842,B,"{'one': '0', 'two': '0.1', 'three': '0.2', 'four': '0.3', 'five': '0.4', 'six': '1', 'seven': '2', 'eight': '3', 'nine': '4'}",2
_u4_probability,_m3_random_variables,Fill in the probability distribution table values consistent with the histogram above: cell 1: _________(A)cell 2: _________(B)cell 3: _________(C)cell 4: _________(D),0563120842,C,"{'one': '0', 'two': '0.1', 'three': '0.2', 'four': '0.3', 'five': '0.4', 'six': '1', 'seven': '2', 'eight': '3', 'nine': '4'}",3
_u4_probability,_m3_random_variables,Fill in the probability distribution table values consistent with the histogram above: cell 1: _________(A)cell 2: _________(B)cell 3: _________(C)cell 4: _________(D),0563120842,D,"{'one': '0', 'two': '0.1', 'three': '0.2', 'four': '0.3', 'five': '0.4', 'six': '1', 'seven': '2', 'eight': '3', 'nine': '4'}",0.1
_u4_probability,_m3_random_variables,"In _________(A) distribution, it is more likely to find values that are further from the mean.Therefore, it is more likely that the standard deviation for this distribution is _________(B).",2621650696,A,"{'one': ""Xavier's"", 'two': ""Yves'""}",Yves'
_u4_probability,_m3_random_variables,"In _________(A) distribution, it is more likely to find values that are further from the mean.Therefore, it is more likely that the standard deviation for this distribution is _________(B).",2621650696,B,"{'one': 'smaller', 'two': 'larger'}",larger
_u4_probability,_m3_random_variables,"(d) How likely or unlikely is a male's foot length to be smaller than 9.5 inches? Not too unlikely, since the probability of being smaller than 9.5 is _________(A), which is not a particularly low probability. (e) How likely or unlikely is a foot length longer than 15.5 inches? Extremely unlikely, since the probability of being longer than 15.5 is only _________(B). (f) There is probability of 0.5 that a male's foot is shorter than _________(C).",4606101513,A,"{'one': '0.025', 'two': '0.05', 'three': '0.16', 'four': '0.32', 'five': '0.68'}",0.16
_u4_probability,_m3_random_variables,"(d) How likely or unlikely is a male's foot length to be smaller than 9.5 inches? Not too unlikely, since the probability of being smaller than 9.5 is _________(A), which is not a particularly low probability. (e) How likely or unlikely is a foot length longer than 15.5 inches? Extremely unlikely, since the probability of being longer than 15.5 is only _________(B). (f) There is probability of 0.5 that a male's foot is shorter than _________(C).",4606101513,B,"{'one': '0.0015', 'two': '0.003', 'three': '0.015', 'four': '0.025', 'five': '0.05'}",0.0015
_u4_probability,_m3_random_variables,"(d) How likely or unlikely is a male's foot length to be smaller than 9.5 inches? Not too unlikely, since the probability of being smaller than 9.5 is _________(A), which is not a particularly low probability. (e) How likely or unlikely is a foot length longer than 15.5 inches? Extremely unlikely, since the probability of being longer than 15.5 is only _________(B). (f) There is probability of 0.5 that a male's foot is shorter than _________(C).",4606101513,C,"{'one': '9.5', 'two': '11', 'three': '12.5'}",11
_u4_probability,_m3_random_variables,The probability is 0.95 that a pregnancy will last between _________(A) and _________(B) days.The shortest 16% of pregnancies last less than _________(C) days.The probability of a pregnancy lasting longer than 314 days is _________(D).There is a probability of 0.5 that a pregnancy will last longer than _________(E) days.,9431240559,A,"{'one': '218', 'two': '234', 'three': '250', 'four': '266', 'five': '282', 'six': '298', 'seven': '314'}",234
_u4_probability,_m3_random_variables,The probability is 0.95 that a pregnancy will last between _________(A) and _________(B) days.The shortest 16% of pregnancies last less than _________(C) days.The probability of a pregnancy lasting longer than 314 days is _________(D).There is a probability of 0.5 that a pregnancy will last longer than _________(E) days.,9431240559,B,"{'one': '218', 'two': '234', 'three': '250', 'four': '266', 'five': '282', 'six': '298', 'seven': '314'}",298
_u4_probability,_m3_random_variables,The probability is 0.95 that a pregnancy will last between _________(A) and _________(B) days.The shortest 16% of pregnancies last less than _________(C) days.The probability of a pregnancy lasting longer than 314 days is _________(D).There is a probability of 0.5 that a pregnancy will last longer than _________(E) days.,9431240559,C,"{'one': '218', 'two': '234', 'three': '250', 'four': '266', 'five': '282', 'six': '298', 'seven': '314'}",250
_u4_probability,_m3_random_variables,The probability is 0.95 that a pregnancy will last between _________(A) and _________(B) days.The shortest 16% of pregnancies last less than _________(C) days.The probability of a pregnancy lasting longer than 314 days is _________(D).There is a probability of 0.5 that a pregnancy will last longer than _________(E) days.,9431240559,D,"{'one': '0.0015', 'two': '0.025', 'three': '0.16', 'four': '0.68', 'five': '0.95', 'six': '0.997'}",0.0015
_u4_probability,_m3_random_variables,The probability is 0.95 that a pregnancy will last between _________(A) and _________(B) days.The shortest 16% of pregnancies last less than _________(C) days.The probability of a pregnancy lasting longer than 314 days is _________(D).There is a probability of 0.5 that a pregnancy will last longer than _________(E) days.,9431240559,E,"{'one': '218', 'two': '234', 'three': '250', 'four': '266', 'five': '282', 'six': '298', 'seven': '314'}",266
_u4_probability,_m3_random_variables,Choose a college student at random. Decide whether each of the following is a discrete or continuous random variable: 1. The number of courses the student takes this semester: _________(A)2. The student's height: _________(B)3. The student's (exact) body temperature: _________(C)4. The number of siblings the student has: _________(D)5. The (exact) time the student spends doing school work during a week: _________(E)6. The number of alcoholic beverages that the student drinks in a typical week: _________(F),095995903,A,"{'one': 'Discrete', 'two': 'Continuous'}",Discrete
_u4_probability,_m3_random_variables,Choose a college student at random. Decide whether each of the following is a discrete or continuous random variable: 1. The number of courses the student takes this semester: _________(A)2. The student's height: _________(B)3. The student's (exact) body temperature: _________(C)4. The number of siblings the student has: _________(D)5. The (exact) time the student spends doing school work during a week: _________(E)6. The number of alcoholic beverages that the student drinks in a typical week: _________(F),095995903,B,"{'one': 'Discrete', 'two': 'Continuous'}",Continuous
_u4_probability,_m3_random_variables,Choose a college student at random. Decide whether each of the following is a discrete or continuous random variable: 1. The number of courses the student takes this semester: _________(A)2. The student's height: _________(B)3. The student's (exact) body temperature: _________(C)4. The number of siblings the student has: _________(D)5. The (exact) time the student spends doing school work during a week: _________(E)6. The number of alcoholic beverages that the student drinks in a typical week: _________(F),095995903,C,"{'one': 'Discrete', 'two': 'Continuous'}",Continuous
_u4_probability,_m3_random_variables,Choose a college student at random. Decide whether each of the following is a discrete or continuous random variable: 1. The number of courses the student takes this semester: _________(A)2. The student's height: _________(B)3. The student's (exact) body temperature: _________(C)4. The number of siblings the student has: _________(D)5. The (exact) time the student spends doing school work during a week: _________(E)6. The number of alcoholic beverages that the student drinks in a typical week: _________(F),095995903,D,"{'one': 'Discrete', 'two': 'Continuous'}",Discrete
_u4_probability,_m3_random_variables,Choose a college student at random. Decide whether each of the following is a discrete or continuous random variable: 1. The number of courses the student takes this semester: _________(A)2. The student's height: _________(B)3. The student's (exact) body temperature: _________(C)4. The number of siblings the student has: _________(D)5. The (exact) time the student spends doing school work during a week: _________(E)6. The number of alcoholic beverages that the student drinks in a typical week: _________(F),095995903,E,"{'one': 'Discrete', 'two': 'Continuous'}",Continuous
_u4_probability,_m3_random_variables,Choose a college student at random. Decide whether each of the following is a discrete or continuous random variable: 1. The number of courses the student takes this semester: _________(A)2. The student's height: _________(B)3. The student's (exact) body temperature: _________(C)4. The number of siblings the student has: _________(D)5. The (exact) time the student spends doing school work during a week: _________(E)6. The number of alcoholic beverages that the student drinks in a typical week: _________(F),095995903,F,"{'one': 'Discrete', 'two': 'Continuous'}",Discrete
_u4_probability,_m4_sampling_distributions,"In the simulation, the standard deviation for the population is 500 grams. The standard deviation of sample means is _________(A) 500 grams.",4493088722,A,"{'one': 'larger than', 'two': 'smaller than', 'three': 'about the same as'}",smaller than
_u4_probability,_m4_sampling_distributions,The mean of the sampling distribution of sample of means is _________(A) and the standard deviation is _________(B).,6703119278,A,"{'one': '$52,000', 'two': '$54,000'}","$54,000"
_u4_probability,_m4_sampling_distributions,The mean of the sampling distribution of sample of means is _________(A) and the standard deviation is _________(B).,6703119278,B,"{'one': '625', 'two': '5,000'}",625
_u4_probability,_m4_sampling_distributions,The z score for solving this problem is _________(C).,6732568741,C,"{'one': '0.4', 'two': '−4', 'three': '3.2', 'four': '−3.2'}",−3.2
_u4_probability,_m4_sampling_distributions,"Compared to small samples, large samples have _________(A) variability.",5101079941,A,"{'one': 'less', 'two': 'more', 'three': 'about the same'}",less
_u4_probability,x-oli-inline-assessment,"Probability is a measure of how likely an event is to occur. Choose the probability that best matches each of the following statements: (a) This event is impossible: _________(A)(b) This event will occur more often than not, but is not extremely likely: _________(B)(c) This event is extremely unlikely, but it will occur once in a while in a long sequence of trials: _________(C)(d) This event will occur for sure: _________(D)",9279279709,A,"{'one': '0', 'two': '0.01', 'three': '0.30', 'four': '0.60', 'five': '0.99', 'six': '1'}",0
_u4_probability,x-oli-inline-assessment,"Probability is a measure of how likely an event is to occur. Choose the probability that best matches each of the following statements: (a) This event is impossible: _________(A)(b) This event will occur more often than not, but is not extremely likely: _________(B)(c) This event is extremely unlikely, but it will occur once in a while in a long sequence of trials: _________(C)(d) This event will occur for sure: _________(D)",9279279709,B,"{'one': '0', 'two': '0.01', 'three': '0.30', 'four': '0.60', 'five': '0.99', 'six': '1'}",0.60
_u4_probability,x-oli-inline-assessment,"Probability is a measure of how likely an event is to occur. Choose the probability that best matches each of the following statements: (a) This event is impossible: _________(A)(b) This event will occur more often than not, but is not extremely likely: _________(B)(c) This event is extremely unlikely, but it will occur once in a while in a long sequence of trials: _________(C)(d) This event will occur for sure: _________(D)",9279279709,C,"{'one': '0', 'two': '0.01', 'three': '0.30', 'four': '0.60', 'five': '0.99', 'six': '1'}",0.01
_u4_probability,x-oli-inline-assessment,"Probability is a measure of how likely an event is to occur. Choose the probability that best matches each of the following statements: (a) This event is impossible: _________(A)(b) This event will occur more often than not, but is not extremely likely: _________(B)(c) This event is extremely unlikely, but it will occur once in a while in a long sequence of trials: _________(C)(d) This event will occur for sure: _________(D)",9279279709,D,"{'one': '0', 'two': '0.01', 'three': '0.30', 'four': '0.60', 'five': '0.99', 'six': '1'}",1
_u4_probability,x-oli-inline-assessment,"P(H) is _________(A), therefore the coin is _________(B).",2284269333,A,"{'res1': '0.5', 'res2': 'not close to 0.5'}",not close to 0.5
_u4_probability,x-oli-inline-assessment,"P(H) is _________(A), therefore the coin is _________(B).",2284269333,B,"{'res1': 'fair', 'res2': 'not fair'}",not fair
_u5_inference,_m1_inference_one_variable,What is the point estimate for the proportion of all female college students who exercise on a regular basis? (Numbers are rounded to two decimal places as needed.) _________(A),4433138371,A,"{'one': '0.32', 'two': '0.67', 'three': '0.69', 'four': '0.48'}",0.69
_u5_inference,_m1_inference_one_variable,What is the point estimate for the proportion of all college students who exercise on a regular basis? (Numbers are rounded to two decimal places as needed.) _________(A),9170880318,A,"{'one': '0.67', 'two': '0.70', 'three': '0.32', 'four': '0.69'}",0.69
_u5_inference,_m1_inference_one_variable,false,2787640095,typeIError,"{'dropAreaA': 'dropAreaA', 'dropAreaB': 'dropAreaB', 'dropAreaC': 'dropAreaC', 'dropAreaD': 'dropAreaD'}",dropAreaA
_u5_inference,_m1_inference_one_variable,false,2787640095,typeIIError,"{'dropAreaA': 'dropAreaA', 'dropAreaB': 'dropAreaB', 'dropAreaC': 'dropAreaC', 'dropAreaD': 'dropAreaD'}",dropAreaD
_u5_inference,_m1_inference_one_variable,false,2787640095,correctDecision1,"{'dropAreaA': 'dropAreaA', 'dropAreaB': 'dropAreaB', 'dropAreaC': 'dropAreaC', 'dropAreaD': 'dropAreaD'}",dropAreaC
_u5_inference,_m1_inference_one_variable,false,2787640095,correctDecision2,"{'dropAreaA': 'dropAreaA', 'dropAreaB': 'dropAreaB', 'dropAreaC': 'dropAreaC', 'dropAreaD': 'dropAreaD'}",dropAreaC
_u5_inference,_m1_inference_one_variable,false,9390101433,dropAreaA,"{'typeIError': 'typeIError', 'typeIIError': 'typeIIError', 'correctDecision1': 'correctDecision1', 'correctDecision2': 'correctDecision2'}",typeIError
_u5_inference,_m1_inference_one_variable,false,9390101433,dropAreaB,"{'typeIError': 'typeIError', 'typeIIError': 'typeIIError', 'correctDecision1': 'correctDecision1', 'correctDecision2': 'correctDecision2'}",correctDecision2
_u5_inference,_m1_inference_one_variable,false,9390101433,dropAreaC,"{'typeIError': 'typeIError', 'typeIIError': 'typeIIError', 'correctDecision1': 'correctDecision1', 'correctDecision2': 'correctDecision2'}",correctDecision2
_u5_inference,_m1_inference_one_variable,false,9390101433,dropAreaD,"{'typeIError': 'typeIError', 'typeIIError': 'typeIIError', 'correctDecision1': 'correctDecision1', 'correctDecision2': 'correctDecision2'}",typeIIError
_u5_inference,_m1_inference_one_variable,A researcher looks at the mean salaries of male and female electricians and decides based on the evidence that there is no difference between the two groups. The researcher could have made a _________(A) in drawing this conclusion.,7834239006,A,"{'one': 'type I error', 'two': 'type II error'}",type II error
_u5_inference,_m1_inference_one_variable,What type of error could the researchers have made? _________(A),2006101608,A,"{'one': 'Type I', 'two': 'Type II', 'three': 'Impossible to tell'}",Impossible to tell
_u5_inference,_m1_inference_one_variable,"Given this conclusion, which type of error is a possibility? _________(B)",6618230343,B,"{'one': 'Type I', 'two': 'Type II', 'three': 'Impossible to tell'}",Impossible to tell
_u5_inference,_m1_inference_one_variable,"Note that in actual scientific practice, we select only one sample, and therefore we can see only the one corresponding interval out of the potential thousands that are displayed using the applet. Give the best interpretation of a single 95% confidence interval as follows, based on what you've learned from the simulation:We are _________(A) confident that our interval is one that _________(B) cover _________(C).",6020638943,A,"{'one': '100%', 'two': '95%', 'three': '50%', 'four': '0%'}",95%
_u5_inference,_m1_inference_one_variable,"Note that in actual scientific practice, we select only one sample, and therefore we can see only the one corresponding interval out of the potential thousands that are displayed using the applet. Give the best interpretation of a single 95% confidence interval as follows, based on what you've learned from the simulation:We are _________(A) confident that our interval is one that _________(B) cover _________(C).",6020638943,B,"{'one': 'does', 'two': 'does not'}",does
_u5_inference,_m1_inference_one_variable,"Note that in actual scientific practice, we select only one sample, and therefore we can see only the one corresponding interval out of the potential thousands that are displayed using the applet. Give the best interpretation of a single 95% confidence interval as follows, based on what you've learned from the simulation:We are _________(A) confident that our interval is one that _________(B) cover _________(C).",6020638943,C,"{'one': 'the sample mean (x-bar)', 'two': 'the population mean (μ)'}",the population mean (μ)
_u5_inference,_m1_inference_one_variable,1) A poll of students at your college asks each student to give an estimate of the number of military causalities that have occurred since the United States invaded Iraq in March of 2003. _________(A),8122298717,A,"{'quantitative': 'quantitative', 'categorical': 'categorical'}",quantitative
_u5_inference,_m1_inference_one_variable,2) A poll of students at your college shows that 2 out of 3 do not support continuing military intervention in Iraq. _________(B),8167359829,B,"{'quantitative': 'quantitative', 'categorical': 'categorical'}",categorical
_u5_inference,_m1_inference_one_variable,3) A local newspaper claims that 67% of the county's residents support a bond measure. We conduct a phone survey and find that 85 out of the 150 people contacted support the measure. _________(C),8172438145,C,"{'quantitative': 'quantitative', 'categorical': 'categorical'}",categorical
_u5_inference,_m1_inference_one_variable,4) A local newspaper claims that the county's residents commute an average of 18 miles each way to work. We conduct a phone survey in which we ask the number of miles the respondent drives each way to work. _________(D),8186180592,D,"{'quantitative': 'quantitative', 'categorical': 'categorical'}",quantitative
_u5_inference,_m1_inference_one_variable,Fill in the blanks to formulate a question that fits the scenario: Is p for California _________(A) or is it _________(B) the national number?,696158886,A,"{'A': '23', 'B': '0.23', 'C': '210', 'D': '0.210'}",0.23
_u5_inference,_m1_inference_one_variable,Fill in the blanks to formulate a question that fits the scenario: Is p for California _________(A) or is it _________(B) the national number?,696158886,B,"{'A': 'larger than', 'B': 'not equal to', 'C': 'smaller than'}",smaller than
_u5_inference,_m1_inference_one_variable,"In general, the further the test statistic is from 0, the _________(A) the evidence against the null hypothesis.",1883311272,A,"{'A': 'stronger', 'B': 'weaker'}",stronger
_u5_inference,_m1_inference_one_variable,Which of the following p-values will give the strongest evidence against H 0?p-value = _________(A),3966269493,A,"{'one': '0.31', 'two': '0.14', 'three': '0.02'}",0.02
_u5_inference,_m1_inference_one_variable,"If we are testing an alternative hypothesis of H a: p ≠ p0, which of the following test statistics will give the smallest p-value?z = _________(B)",8902859688,B,"{'one': '−0.5', 'two': '1.1', 'three': '−2'}",−2
_u5_inference,_m1_inference_one_variable,"Let's return to the scenario where we are studying the population of part-time college students. We know that in 2008, 60% of this population was female. We are curious if the proportion has decreased this year. We test the hypotheses: H 0: p = 0.60 and Ha: p < 0.60, where p is the proportion of part-time college students that are female this year.Which of the following p-hat values will give the smallest p-value? p-hat = _________(C)",3777630329,C,"{'one': '14/25 = 0.56', 'two': '12/25 = 0.48', 'three': '10/25 = 0.40'}",10/25 = 0.40
_u5_inference,_m1_inference_one_variable,"From the three figures above, it is (at least visually) clear that for a given value of the test statistic z, the p-value of the two-sided test (equal vs. not equal) is _________(A) the p-value of any of the one-sided tests.",9093801975,A,"{'half': 'exactly half as large as', 'equal': 'equal to', 'twice': 'exactly twice as large as'}",exactly twice as large as
_u5_inference,_m1_inference_one_variable,A p-value of _________(A) tells us that it is _________(B) to get data like those observed assuming _________(C).,8394470215,A,No Options,0.114
_u5_inference,_m1_inference_one_variable,A p-value of _________(A) tells us that it is _________(B) to get data like those observed assuming _________(C).,8394470215,B,"{'one': 'likely', 'two': 'unlikely'}",likely
_u5_inference,_m1_inference_one_variable,A p-value of _________(A) tells us that it is _________(B) to get data like those observed assuming _________(C).,8394470215,C,"{'one': 'H 0 is true', 'two': 'H a is true'}",H 0 is true
_u5_inference,_m1_inference_one_variable,"This p-value is the probability of observing a test statistic _________(D) than _________(E), assuming _________(F).",291588068,D,"{'one': 'as small as or smaller', 'two': 'as large as or larger', 'three': 'both as small as or smaller and as large as or larger'}",as small as or smaller
_u5_inference,_m1_inference_one_variable,"This p-value is the probability of observing a test statistic _________(D) than _________(E), assuming _________(F).",291588068,E,No Options,-1.21
_u5_inference,_m1_inference_one_variable,"This p-value is the probability of observing a test statistic _________(D) than _________(E), assuming _________(F).",291588068,F,"{'one': 'H 0 is true.', 'two': 'H a is true.'}",H 0 is true.
_u5_inference,_m1_inference_one_variable,"The p-value is the probability of observing a sample proportion that is _________(G) standard deviations or more _________(H) p0 = _________(I),assuming that the true population proportion is _________(J).",8074529171,G,No Options,1.21
_u5_inference,_m1_inference_one_variable,"The p-value is the probability of observing a sample proportion that is _________(G) standard deviations or more _________(H) p0 = _________(I),assuming that the true population proportion is _________(J).",8074529171,H,"{'one': 'above', 'two': 'below', 'three': 'away from'}",below
_u5_inference,_m1_inference_one_variable,"The p-value is the probability of observing a sample proportion that is _________(G) standard deviations or more _________(H) p0 = _________(I),assuming that the true population proportion is _________(J).",8074529171,I,No Options,0.45
_u5_inference,_m1_inference_one_variable,"The p-value is the probability of observing a sample proportion that is _________(G) standard deviations or more _________(H) p0 = _________(I),assuming that the true population proportion is _________(J).",8074529171,J,No Options,0.45
_u5_inference,_m1_inference_one_variable,"The p-value is the probability of observing a sample proportion of _________(K) or _________(L) in a random sample of size _________(M), when thetrue population proportion is _________(N).",2666759491,K,No Options,0.39
_u5_inference,_m1_inference_one_variable,"The p-value is the probability of observing a sample proportion of _________(K) or _________(L) in a random sample of size _________(M), when thetrue population proportion is _________(N).",2666759491,L,"{'one': 'lower', 'two': 'higher', 'three': 'either lower or higher'}",lower
_u5_inference,_m1_inference_one_variable,"The p-value is the probability of observing a sample proportion of _________(K) or _________(L) in a random sample of size _________(M), when thetrue population proportion is _________(N).",2666759491,M,No Options,100
_u5_inference,_m1_inference_one_variable,"The p-value is the probability of observing a sample proportion of _________(K) or _________(L) in a random sample of size _________(M), when thetrue population proportion is _________(N).",2666759491,N,No Options,0.45
_u5_inference,_m1_inference_one_variable,The p-value is the probability of getting results as extreme as or more extreme than the ones in this study if zinc is actually not effective. _________(A),4246788025,A,"{'one': 'valid', 'two': 'not valid'}",valid
_u5_inference,_m1_inference_one_variable,The p-value is the probability that the drug is not effective. _________(B),4317398071,B,"{'one': 'valid', 'two': 'not valid'}",not valid
_u5_inference,_m1_inference_one_variable,The p-value is the probability that the drug is effective. _________(C),4324469566,C,"{'one': 'valid', 'two': 'not valid'}",not valid
_u5_inference,_m2_inference_for_relationships,"Consider Scenario 1 (compared with Scenario 2): Within-group variation is relatively _________(A), and therefore the F statistic will be relatively _________(B), indicating that Ho will probably _________(C), and we'll conclude that the population means _________(D).",9725880623,A,"{'one': 'small', 'two': 'large'}",small
_u5_inference,_m2_inference_for_relationships,"Consider Scenario 1 (compared with Scenario 2): Within-group variation is relatively _________(A), and therefore the F statistic will be relatively _________(B), indicating that Ho will probably _________(C), and we'll conclude that the population means _________(D).",9725880623,B,"{'one': 'small', 'two': 'large'}",large
_u5_inference,_m2_inference_for_relationships,"Consider Scenario 1 (compared with Scenario 2): Within-group variation is relatively _________(A), and therefore the F statistic will be relatively _________(B), indicating that Ho will probably _________(C), and we'll conclude that the population means _________(D).",9725880623,C,"{'one': 'be rejected', 'two': 'not be rejected'}",be rejected
_u5_inference,_m2_inference_for_relationships,"Consider Scenario 1 (compared with Scenario 2): Within-group variation is relatively _________(A), and therefore the F statistic will be relatively _________(B), indicating that Ho will probably _________(C), and we'll conclude that the population means _________(D).",9725880623,D,"{'one': 'may be equal', 'two': 'are not all equal'}",are not all equal
_u5_inference,_m2_inference_for_relationships,"Now consider Scenario 2 (compared to Scenario 1): Within-group variation is relatively _________(A), and therefore the F statistic will be relatively _________(B), indicating that Ho will probably _________(C), and we'll conclude that the population means _________(D).",4474980831,A,"{'one': 'small', 'two': 'large'}",large
_u5_inference,_m2_inference_for_relationships,"Now consider Scenario 2 (compared to Scenario 1): Within-group variation is relatively _________(A), and therefore the F statistic will be relatively _________(B), indicating that Ho will probably _________(C), and we'll conclude that the population means _________(D).",4474980831,B,"{'one': 'small', 'two': 'large'}",small
_u5_inference,_m2_inference_for_relationships,"Now consider Scenario 2 (compared to Scenario 1): Within-group variation is relatively _________(A), and therefore the F statistic will be relatively _________(B), indicating that Ho will probably _________(C), and we'll conclude that the population means _________(D).",4474980831,C,"{'one': 'be rejected', 'two': 'not be rejected'}",not be rejected
_u5_inference,_m2_inference_for_relationships,"Now consider Scenario 2 (compared to Scenario 1): Within-group variation is relatively _________(A), and therefore the F statistic will be relatively _________(B), indicating that Ho will probably _________(C), and we'll conclude that the population means _________(D).",4474980831,D,"{'one': 'may be equal', 'two': 'are not all equal'}",may be equal
_u5_inference,_m2_inference_for_relationships,"The null hypothesis in this case is _________(A) which claims that pregnancy length _________(B) related to (or affected by) whether or not the woman smokes during pregnancy. The alternative hypothesis in this case is _________(C) which claims that pregnancy length _________(D) related to (or affected by) whether or not the woman smokes during pregnancy.Note that ""mu"" stands for the Greek letter μ, the population mean—mu1 stands for the mean of population 1 and mu2 stands for the mean of population 2.",7189240456,A,"{'one': 'mu1 − mu2 = 0', 'two': 'mu1 − mu2 < 0', 'three': 'mu1 − mu2 > 0', 'four': 'mu1 − mu2 not equal to 0'}",mu1 − mu2 = 0
_u5_inference,_m2_inference_for_relationships,"The null hypothesis in this case is _________(A) which claims that pregnancy length _________(B) related to (or affected by) whether or not the woman smokes during pregnancy. The alternative hypothesis in this case is _________(C) which claims that pregnancy length _________(D) related to (or affected by) whether or not the woman smokes during pregnancy.Note that ""mu"" stands for the Greek letter μ, the population mean—mu1 stands for the mean of population 1 and mu2 stands for the mean of population 2.",7189240456,B,"{'one': 'is', 'two': 'is not'}",is not
_u5_inference,_m2_inference_for_relationships,"The null hypothesis in this case is _________(A) which claims that pregnancy length _________(B) related to (or affected by) whether or not the woman smokes during pregnancy. The alternative hypothesis in this case is _________(C) which claims that pregnancy length _________(D) related to (or affected by) whether or not the woman smokes during pregnancy.Note that ""mu"" stands for the Greek letter μ, the population mean—mu1 stands for the mean of population 1 and mu2 stands for the mean of population 2.",7189240456,C,"{'one': 'mu1 − mu2 = 0', 'two': 'mu1 − mu2 < 0', 'three': 'mu1 − mu2 > 0', 'four': 'mu1 − mu2 not equal to 0'}",mu1 − mu2 < 0
_u5_inference,_m2_inference_for_relationships,"The null hypothesis in this case is _________(A) which claims that pregnancy length _________(B) related to (or affected by) whether or not the woman smokes during pregnancy. The alternative hypothesis in this case is _________(C) which claims that pregnancy length _________(D) related to (or affected by) whether or not the woman smokes during pregnancy.Note that ""mu"" stands for the Greek letter μ, the population mean—mu1 stands for the mean of population 1 and mu2 stands for the mean of population 2.",7189240456,D,"{'one': 'is', 'two': 'is not'}",is
_u5_inference,_m2_inference_for_relationships,"Bearing in mind that sample 1 is the sample of females, and sample 2 is the sample of males, according to the output: n 1 = _________(A)n 2 = _________(B)y 1-bar = _________(C)y 2-bar = _________(D)s 1 = _________(E)s 2 = _________(F)",9714570045,A,"{'one': '150', 'two': '85', 'three': '10.73', 'four': '13.33', 'five': '4.25', 'six': '4.02'}",150
_u5_inference,_m2_inference_for_relationships,"Bearing in mind that sample 1 is the sample of females, and sample 2 is the sample of males, according to the output: n 1 = _________(A)n 2 = _________(B)y 1-bar = _________(C)y 2-bar = _________(D)s 1 = _________(E)s 2 = _________(F)",9714570045,B,"{'one': '150', 'two': '85', 'three': '10.73', 'four': '13.33', 'five': '4.25', 'six': '4.02'}",85
_u5_inference,_m2_inference_for_relationships,"Bearing in mind that sample 1 is the sample of females, and sample 2 is the sample of males, according to the output: n 1 = _________(A)n 2 = _________(B)y 1-bar = _________(C)y 2-bar = _________(D)s 1 = _________(E)s 2 = _________(F)",9714570045,C,"{'one': '150', 'two': '85', 'three': '10.73', 'four': '13.33', 'five': '4.25', 'six': '4.02'}",10.73
_u5_inference,_m2_inference_for_relationships,"Bearing in mind that sample 1 is the sample of females, and sample 2 is the sample of males, according to the output: n 1 = _________(A)n 2 = _________(B)y 1-bar = _________(C)y 2-bar = _________(D)s 1 = _________(E)s 2 = _________(F)",9714570045,D,"{'one': '150', 'two': '85', 'three': '10.73', 'four': '13.33', 'five': '4.25', 'six': '4.02'}",13.33
_u5_inference,_m2_inference_for_relationships,"Bearing in mind that sample 1 is the sample of females, and sample 2 is the sample of males, according to the output: n 1 = _________(A)n 2 = _________(B)y 1-bar = _________(C)y 2-bar = _________(D)s 1 = _________(E)s 2 = _________(F)",9714570045,E,"{'one': '150', 'two': '85', 'three': '10.73', 'four': '13.33', 'five': '4.25', 'six': '4.02'}",4.25
_u5_inference,_m2_inference_for_relationships,"Bearing in mind that sample 1 is the sample of females, and sample 2 is the sample of males, according to the output: n 1 = _________(A)n 2 = _________(B)y 1-bar = _________(C)y 2-bar = _________(D)s 1 = _________(E)s 2 = _________(F)",9714570045,F,"{'one': '150', 'two': '85', 'three': '10.73', 'four': '13.33', 'five': '4.25', 'six': '4.02'}",4.02
